{
  "GT": -2.6999999999999997,
  "DMA": -0.6,
  "PBP": -3.9,
  "MPC": -12.1,
  "TRIS": -0.8999999999999999,
  "HPPA": -2.2,
  "Isopropanol": -1.0,
  "EGDMA": -1.7999999999999998,
  "DBE-U12": -6.0,
  "DMS-R11": -1.7999999999999998,
  "DMS-R05": -1.7999999999999998,
  "DMS-U21": -4.4,
  "NVP": -0.6,
  "HEMA": -1.9,
  "TPO-L": -1.2
}